DROP TABLE IF EXISTS postcodes;
DROP TABLE IF EXISTS care_provider_locations;
DROP TABLE IF EXISTS local_authorities;
DROP TABLE IF EXISTS total_population;
DROP TABLE IF EXISTS perc_unpaid_care_provider;
DROP TABLE IF EXISTS perc_population_disability;
DROP TABLE IF EXISTS perc_households_one_person;
DROP TABLE IF EXISTS perc_households_deprivation_deprived;
DROP TABLE IF EXISTS perc_household_ownership;
DROP TABLE IF EXISTS perc_general_health;
DROP TABLE IF EXISTS perc_85over;
DROP TABLE IF EXISTS perc_75over;
DROP TABLE IF EXISTS perc_65over;
DROP TABLE IF EXISTS perc_18_64;
DROP TABLE IF EXISTS occupancy_rates;
DROP TABLE IF EXISTS num_clients_long_term_support;
DROP TABLE IF EXISTS median_occupancy;
DROP TABLE IF EXISTS median_bed_count;
DROP TABLE IF EXISTS learning_disability_prevalence;
DROP TABLE IF EXISTS dementia_register_65over_per100k;
DROP TABLE IF EXISTS dementia_qof_prevalence;
DROP TABLE IF EXISTS dementia_prevalence_65over;
DROP TABLE IF EXISTS dementia_estimated_diagnosis_rate_65over;
DROP TABLE IF EXISTS bedcount_per_hundred_thousand_adults;
DROP TABLE IF EXISTS bedcount;
DROP TABLE IF EXISTS regions;
DROP TABLE IF EXISTS metrics;
DROP TABLE IF EXISTS countries;
DROP TABLE IF EXISTS metric_groups;
DROP TABLE IF EXISTS geo_data;
DROP TABLE IF EXISTS care_providers;


-- Start script

CREATE EXTENSION IF NOT EXISTS postgis;

CREATE TABLE care_providers (
                                id integer GENERATED BY DEFAULT AS IDENTITY,
                                name character varying(100) NOT NULL,
                                loaded_datetime timestamp with time zone NOT NULL,
                                code character varying(15) NOT NULL,
                                CONSTRAINT "PK_care_providers" PRIMARY KEY (id)
);

CREATE TABLE geo_data (
                          id integer GENERATED BY DEFAULT AS IDENTITY,
                          coordinate geometry (point) NOT NULL,
                          bounding_polygon geometry (polygon),
                          loaded_datetime timestamp with time zone NOT NULL,
                          CONSTRAINT "PK_geo_data" PRIMARY KEY (id)
);

CREATE TABLE metric_groups (
                               id integer GENERATED BY DEFAULT AS IDENTITY,
                               code character varying(100) NOT NULL,
                               display_name character varying(255) NOT NULL, 
                               loaded_datetime timestamp with time zone NOT NULL,
                               CONSTRAINT "PK_metric_groups" PRIMARY KEY (id)
);

CREATE TABLE countries (
                           id integer GENERATED BY DEFAULT AS IDENTITY,
                           name character varying(60) NOT NULL,
                           geo_data_fk integer,
                           loaded_datetime timestamp with time zone NOT NULL,
                           code character varying(15) NOT NULL,
                           CONSTRAINT "PK_countries" PRIMARY KEY (id),
                           CONSTRAINT "FK_countries_geo_data_geo_data_fk" FOREIGN KEY (geo_data_fk) REFERENCES geo_data (id)
);

CREATE TABLE metrics (
                         id integer GENERATED BY DEFAULT AS IDENTITY,
                         code character varying(100) NOT NULL,
                         metric_group_fk integer NOT NULL,
                         filter_type character varying(255) NOT NULL,
                         numerator_description character varying(255) NOT NULL,
                         denominator_description character varying(255) NOT NULL,
                         data_source character varying(40) NOT NULL,
                         data_type character varying(50) NOT NULL,
                         frequency character varying(25) NOT NULL,
                         loaded_datetime timestamp with time zone NOT NULL,
                         CONSTRAINT "PK_metrics" PRIMARY KEY (id),
                         CONSTRAINT "FK_metrics_metric_groups_metric_group_fk" FOREIGN KEY (metric_group_fk) REFERENCES metric_groups (id) ON DELETE CASCADE
);

CREATE TABLE regions (
                         id integer GENERATED BY DEFAULT AS IDENTITY,
                         name character varying(50) NOT NULL,
                         country_fk integer NOT NULL,
                         geo_data_fk integer,
                         loaded_datetime timestamp with time zone NOT NULL,
                         code character varying(15) NOT NULL,
                         CONSTRAINT "PK_regions" PRIMARY KEY (id),
                         CONSTRAINT "FK_regions_countries_country_fk" FOREIGN KEY (country_fk) REFERENCES countries (id) ON DELETE CASCADE,
                         CONSTRAINT "FK_regions_geo_data_geo_data_fk" FOREIGN KEY (geo_data_fk) REFERENCES geo_data (id)
);

CREATE TABLE bedcount (
                          id integer GENERATED BY DEFAULT AS IDENTITY,
                          loaded_datetime timestamp with time zone NOT NULL,
                          start_date date NOT NULL,
                          end_date date NOT NULL,
                          location_code character varying(15) NOT NULL,
                          location_type character varying(25) NOT NULL,
                          metric_fk integer NOT NULL,
                          time_series numeric[] NOT NULL,
                          latest_value numeric,
                          CONSTRAINT "PK_bedcount" PRIMARY KEY (id),
                          CONSTRAINT "FK_bedcount_metrics_metric_fk" FOREIGN KEY (metric_fk) REFERENCES metrics (id) ON DELETE CASCADE
);

CREATE TABLE bedcount_per_hundred_thousand_adults (
                                                      id integer GENERATED BY DEFAULT AS IDENTITY,
                                                      loaded_datetime timestamp with time zone NOT NULL,
                                                      start_date date NOT NULL,
                                                      end_date date NOT NULL,
                                                      location_code character varying(15) NOT NULL,
                                                      location_type character varying(25) NOT NULL,
                                                      metric_fk integer NOT NULL,
                                                      time_series numeric[] NOT NULL,
                                                      latest_value numeric,
                                                      CONSTRAINT "PK_bedcount_per_hundred_thousand_adults" PRIMARY KEY (id),
                                                      CONSTRAINT "FK_bedcount_per_hundred_thousand_adults_metrics_metric_fk" FOREIGN KEY (metric_fk) REFERENCES metrics (id) ON DELETE CASCADE
);

CREATE TABLE dementia_estimated_diagnosis_rate_65over (
                                                          id integer GENERATED BY DEFAULT AS IDENTITY,
                                                          loaded_datetime timestamp with time zone NOT NULL,
                                                          start_date date NOT NULL,
                                                          end_date date NOT NULL,
                                                          location_code character varying(15) NOT NULL,
                                                          location_type character varying(25) NOT NULL,
                                                          metric_fk integer NOT NULL,
                                                          time_series numeric[] NOT NULL,
                                                          latest_value numeric,
                                                          CONSTRAINT "PK_dementia_estimated_diagnosis_rate_65over" PRIMARY KEY (id),
                                                          CONSTRAINT "FK_dementia_estimated_diagnosis_rate_65over_metrics_metric_fk" FOREIGN KEY (metric_fk) REFERENCES metrics (id) ON DELETE CASCADE
);

CREATE TABLE dementia_prevalence_65over (
                                            id integer GENERATED BY DEFAULT AS IDENTITY,
                                            loaded_datetime timestamp with time zone NOT NULL,
                                            start_date date NOT NULL,
                                            end_date date NOT NULL,
                                            location_code character varying(15) NOT NULL,
                                            location_type character varying(25) NOT NULL,
                                            metric_fk integer NOT NULL,
                                            time_series numeric[] NOT NULL,
                                            latest_value numeric,
                                            CONSTRAINT "PK_dementia_prevalence_65over" PRIMARY KEY (id),
                                            CONSTRAINT "FK_dementia_prevalence_65over_metrics_metric_fk" FOREIGN KEY (metric_fk) REFERENCES metrics (id) ON DELETE CASCADE
);

CREATE TABLE dementia_qof_prevalence (
                                         id integer GENERATED BY DEFAULT AS IDENTITY,
                                         loaded_datetime timestamp with time zone NOT NULL,
                                         start_date date NOT NULL,
                                         end_date date NOT NULL,
                                         location_code character varying(15) NOT NULL,
                                         location_type character varying(25) NOT NULL,
                                         metric_fk integer NOT NULL,
                                         time_series numeric[] NOT NULL,
                                         latest_value numeric,
                                         CONSTRAINT "PK_dementia_qof_prevalence" PRIMARY KEY (id),
                                         CONSTRAINT "FK_dementia_qof_prevalence_metrics_metric_fk" FOREIGN KEY (metric_fk) REFERENCES metrics (id) ON DELETE CASCADE
);

CREATE TABLE dementia_register_65over_per100k (
                                                  id integer GENERATED BY DEFAULT AS IDENTITY,
                                                  loaded_datetime timestamp with time zone NOT NULL,
                                                  start_date date NOT NULL,
                                                  end_date date NOT NULL,
                                                  location_code character varying(15) NOT NULL,
                                                  location_type character varying(25) NOT NULL,
                                                  metric_fk integer NOT NULL,
                                                  time_series numeric[] NOT NULL,
                                                  latest_value numeric,
                                                  CONSTRAINT "PK_dementia_register_65over_per100k" PRIMARY KEY (id),
                                                  CONSTRAINT "FK_dementia_register_65over_per100k_metrics_metric_fk" FOREIGN KEY (metric_fk) REFERENCES metrics (id) ON DELETE CASCADE
);

CREATE TABLE learning_disability_prevalence (
                                                id integer GENERATED BY DEFAULT AS IDENTITY,
                                                loaded_datetime timestamp with time zone NOT NULL,
                                                start_date date NOT NULL,
                                                end_date date NOT NULL,
                                                location_code character varying(15) NOT NULL,
                                                location_type character varying(25) NOT NULL,
                                                metric_fk integer NOT NULL,
                                                time_series numeric[] NOT NULL,
                                                latest_value numeric,
                                                CONSTRAINT "PK_learning_disability_prevalence" PRIMARY KEY (id),
                                                CONSTRAINT "FK_learning_disability_prevalence_metrics_metric_fk" FOREIGN KEY (metric_fk) REFERENCES metrics (id) ON DELETE CASCADE
);

CREATE TABLE median_bed_count (
                                  id integer GENERATED BY DEFAULT AS IDENTITY,
                                  loaded_datetime timestamp with time zone NOT NULL,
                                  start_date date NOT NULL,
                                  end_date date NOT NULL,
                                  location_code character varying(15) NOT NULL,
                                  location_type character varying(25) NOT NULL,
                                  metric_fk integer NOT NULL,
                                  time_series numeric[] NOT NULL,
                                  latest_value numeric,
                                  CONSTRAINT "PK_median_bed_count" PRIMARY KEY (id),
                                  CONSTRAINT "FK_median_bed_count_metrics_metric_fk" FOREIGN KEY (metric_fk) REFERENCES metrics (id) ON DELETE CASCADE
);

CREATE TABLE median_occupancy (
                                  id integer GENERATED BY DEFAULT AS IDENTITY,
                                  loaded_datetime timestamp with time zone NOT NULL,
                                  start_date date NOT NULL,
                                  end_date date NOT NULL,
                                  location_code character varying(15) NOT NULL,
                                  location_type character varying(25) NOT NULL,
                                  metric_fk integer NOT NULL,
                                  time_series numeric[] NOT NULL,
                                  latest_value numeric,
                                  CONSTRAINT "PK_median_occupancy" PRIMARY KEY (id),
                                  CONSTRAINT "FK_median_occupancy_metrics_metric_fk" FOREIGN KEY (metric_fk) REFERENCES metrics (id) ON DELETE CASCADE
);

CREATE TABLE num_clients_long_term_support (
                                               id integer GENERATED BY DEFAULT AS IDENTITY,
                                               loaded_datetime timestamp with time zone NOT NULL,
                                               start_date date NOT NULL,
                                               end_date date NOT NULL,
                                               location_code character varying(15) NOT NULL,
                                               location_type character varying(25) NOT NULL,
                                               metric_fk integer NOT NULL,
                                               time_series numeric[] NOT NULL,
                                               latest_value numeric,
                                               CONSTRAINT "PK_num_clients_long_term_support" PRIMARY KEY (id),
                                               CONSTRAINT "FK_num_clients_long_term_support_metrics_metric_fk" FOREIGN KEY (metric_fk) REFERENCES metrics (id) ON DELETE CASCADE
);

CREATE TABLE occupancy_rates (
                                 id integer GENERATED BY DEFAULT AS IDENTITY,
                                 loaded_datetime timestamp with time zone NOT NULL,
                                 start_date date NOT NULL,
                                 end_date date NOT NULL,
                                 location_code character varying(15) NOT NULL,
                                 location_type character varying(25) NOT NULL,
                                 metric_fk integer NOT NULL,
                                 time_series numeric[] NOT NULL,
                                 latest_value numeric,
                                 CONSTRAINT "PK_occupancy_rates" PRIMARY KEY (id),
                                 CONSTRAINT "FK_occupancy_rates_metrics_metric_fk" FOREIGN KEY (metric_fk) REFERENCES metrics (id) ON DELETE CASCADE
);

CREATE TABLE perc_18_64 (
                            id integer GENERATED BY DEFAULT AS IDENTITY,
                            loaded_datetime timestamp with time zone NOT NULL,
                            start_date date NOT NULL,
                            end_date date NOT NULL,
                            location_code character varying(15) NOT NULL,
                            location_type character varying(25) NOT NULL,
                            metric_fk integer NOT NULL,
                            time_series numeric[] NOT NULL,
                            latest_value numeric,
                            CONSTRAINT "PK_perc_18_64" PRIMARY KEY (id),
                            CONSTRAINT "FK_perc_18_64_metrics_metric_fk" FOREIGN KEY (metric_fk) REFERENCES metrics (id) ON DELETE CASCADE
);

CREATE TABLE perc_65over (
                             id integer GENERATED BY DEFAULT AS IDENTITY,
                             loaded_datetime timestamp with time zone NOT NULL,
                             start_date date NOT NULL,
                             end_date date NOT NULL,
                             location_code character varying(15) NOT NULL,
                             location_type character varying(25) NOT NULL,
                             metric_fk integer NOT NULL,
                             time_series numeric[] NOT NULL,
                             latest_value numeric,
                             CONSTRAINT "PK_perc_65over" PRIMARY KEY (id),
                             CONSTRAINT "FK_perc_65over_metrics_metric_fk" FOREIGN KEY (metric_fk) REFERENCES metrics (id) ON DELETE CASCADE
);

CREATE TABLE perc_75over (
                             id integer GENERATED BY DEFAULT AS IDENTITY,
                             loaded_datetime timestamp with time zone NOT NULL,
                             start_date date NOT NULL,
                             end_date date NOT NULL,
                             location_code character varying(15) NOT NULL,
                             location_type character varying(25) NOT NULL,
                             metric_fk integer NOT NULL,
                             time_series numeric[] NOT NULL,
                             latest_value numeric,
                             CONSTRAINT "PK_perc_75over" PRIMARY KEY (id),
                             CONSTRAINT "FK_perc_75over_metrics_metric_fk" FOREIGN KEY (metric_fk) REFERENCES metrics (id) ON DELETE CASCADE
);

CREATE TABLE perc_85over (
                             id integer GENERATED BY DEFAULT AS IDENTITY,
                             loaded_datetime timestamp with time zone NOT NULL,
                             start_date date NOT NULL,
                             end_date date NOT NULL,
                             location_code character varying(15) NOT NULL,
                             location_type character varying(25) NOT NULL,
                             metric_fk integer NOT NULL,
                             time_series numeric[] NOT NULL,
                             latest_value numeric,
                             CONSTRAINT "PK_perc_85over" PRIMARY KEY (id),
                             CONSTRAINT "FK_perc_85over_metrics_metric_fk" FOREIGN KEY (metric_fk) REFERENCES metrics (id) ON DELETE CASCADE
);

CREATE TABLE perc_general_health (
                                     id integer GENERATED BY DEFAULT AS IDENTITY,
                                     loaded_datetime timestamp with time zone NOT NULL,
                                     start_date date NOT NULL,
                                     end_date date NOT NULL,
                                     location_code character varying(15) NOT NULL,
                                     location_type character varying(25) NOT NULL,
                                     metric_fk integer NOT NULL,
                                     time_series numeric[] NOT NULL,
                                     latest_value numeric,
                                     CONSTRAINT "PK_perc_general_health" PRIMARY KEY (id),
                                     CONSTRAINT "FK_perc_general_health_metrics_metric_fk" FOREIGN KEY (metric_fk) REFERENCES metrics (id) ON DELETE CASCADE
);

CREATE TABLE perc_household_ownership (
                                          id integer GENERATED BY DEFAULT AS IDENTITY,
                                          loaded_datetime timestamp with time zone NOT NULL,
                                          start_date date NOT NULL,
                                          end_date date NOT NULL,
                                          location_code character varying(15) NOT NULL,
                                          location_type character varying(25) NOT NULL,
                                          metric_fk integer NOT NULL,
                                          time_series numeric[] NOT NULL,
                                          latest_value numeric,
                                          CONSTRAINT "PK_perc_household_ownership" PRIMARY KEY (id),
                                          CONSTRAINT "FK_perc_household_ownership_metrics_metric_fk" FOREIGN KEY (metric_fk) REFERENCES metrics (id) ON DELETE CASCADE
);

CREATE TABLE perc_households_deprivation_deprived (
                                                      id integer GENERATED BY DEFAULT AS IDENTITY,
                                                      loaded_datetime timestamp with time zone NOT NULL,
                                                      start_date date NOT NULL,
                                                      end_date date NOT NULL,
                                                      location_code character varying(15) NOT NULL,
                                                      location_type character varying(25) NOT NULL,
                                                      metric_fk integer NOT NULL,
                                                      time_series numeric[] NOT NULL,
                                                      latest_value numeric,
                                                      CONSTRAINT "PK_perc_households_deprivation_deprived" PRIMARY KEY (id),
                                                      CONSTRAINT "FK_perc_households_deprivation_deprived_metrics_metric_fk" FOREIGN KEY (metric_fk) REFERENCES metrics (id) ON DELETE CASCADE
);

CREATE TABLE perc_households_one_person (
                                            id integer GENERATED BY DEFAULT AS IDENTITY,
                                            loaded_datetime timestamp with time zone NOT NULL,
                                            start_date date NOT NULL,
                                            end_date date NOT NULL,
                                            location_code character varying(15) NOT NULL,
                                            location_type character varying(25) NOT NULL,
                                            metric_fk integer NOT NULL,
                                            time_series numeric[] NOT NULL,
                                            latest_value numeric,
                                            CONSTRAINT "PK_perc_households_one_person" PRIMARY KEY (id),
                                            CONSTRAINT "FK_perc_households_one_person_metrics_metric_fk" FOREIGN KEY (metric_fk) REFERENCES metrics (id) ON DELETE CASCADE
);

CREATE TABLE perc_population_disability (
                                            id integer GENERATED BY DEFAULT AS IDENTITY,
                                            loaded_datetime timestamp with time zone NOT NULL,
                                            start_date date NOT NULL,
                                            end_date date NOT NULL,
                                            location_code character varying(15) NOT NULL,
                                            location_type character varying(25) NOT NULL,
                                            metric_fk integer NOT NULL,
                                            time_series numeric[] NOT NULL,
                                            latest_value numeric,
                                            CONSTRAINT "PK_perc_population_disability" PRIMARY KEY (id),
                                            CONSTRAINT "FK_perc_population_disability_metrics_metric_fk" FOREIGN KEY (metric_fk) REFERENCES metrics (id) ON DELETE CASCADE
);

CREATE TABLE perc_unpaid_care_provider (
                                           id integer GENERATED BY DEFAULT AS IDENTITY,
                                           loaded_datetime timestamp with time zone NOT NULL,
                                           start_date date NOT NULL,
                                           end_date date NOT NULL,
                                           location_code character varying(15) NOT NULL,
                                           location_type character varying(25) NOT NULL,
                                           metric_fk integer NOT NULL,
                                           time_series numeric[] NOT NULL,
                                           latest_value numeric,
                                           CONSTRAINT "PK_perc_unpaid_care_provider" PRIMARY KEY (id),
                                           CONSTRAINT "FK_perc_unpaid_care_provider_metrics_metric_fk" FOREIGN KEY (metric_fk) REFERENCES metrics (id) ON DELETE CASCADE
);

CREATE TABLE total_population (
                                  id integer GENERATED BY DEFAULT AS IDENTITY,
                                  loaded_datetime timestamp with time zone NOT NULL,
                                  start_date date NOT NULL,
                                  end_date date NOT NULL,
                                  location_code character varying(15) NOT NULL,
                                  location_type character varying(25) NOT NULL,
                                  metric_fk integer NOT NULL,
                                  time_series numeric[] NOT NULL,
                                  latest_value numeric,
                                  CONSTRAINT "PK_total_population" PRIMARY KEY (id),
                                  CONSTRAINT "FK_total_population_metrics_metric_fk" FOREIGN KEY (metric_fk) REFERENCES metrics (id) ON DELETE CASCADE
);

CREATE TABLE local_authorities (
                                   id integer GENERATED BY DEFAULT AS IDENTITY,
                                   name character varying(50) NOT NULL,
                                   region_fk integer NOT NULL,
                                   geo_data_fk integer,
                                   loaded_datetime timestamp with time zone NOT NULL,
                                   code character varying(15) NOT NULL,
                                   CONSTRAINT "PK_local_authorities" PRIMARY KEY (id),
                                   CONSTRAINT "FK_local_authorities_geo_data_geo_data_fk" FOREIGN KEY (geo_data_fk) REFERENCES geo_data (id),
                                   CONSTRAINT "FK_local_authorities_regions_region_fk" FOREIGN KEY (region_fk) REFERENCES regions (id) ON DELETE CASCADE
);

CREATE TABLE care_provider_locations (
                                         id integer GENERATED BY DEFAULT AS IDENTITY,
                                         name character varying(100) NOT NULL,
                                         care_provider_fk integer NOT NULL,
                                         address character varying(255) NOT NULL,
                                         nominated_individual character varying(255),
                                         local_authority_fk integer NOT NULL,
                                         geo_data_fk integer,
                                         loaded_datetime timestamp with time zone NOT NULL,
                                         code character varying(15) NOT NULL,
                                         category character varying(15) NOT NULL,
                                         CONSTRAINT "PK_care_provider_locations" PRIMARY KEY (id),
                                         CONSTRAINT "FK_care_provider_locations_care_providers_care_provider_fk" FOREIGN KEY (care_provider_fk) REFERENCES care_providers (id) ON DELETE CASCADE,
                                         CONSTRAINT "FK_care_provider_locations_geo_data_geo_data_fk" FOREIGN KEY (geo_data_fk) REFERENCES geo_data (id),
                                         CONSTRAINT "FK_care_provider_locations_local_authorities_local_authority_fk" FOREIGN KEY (local_authority_fk) REFERENCES local_authorities (id) ON DELETE CASCADE
);

CREATE TABLE postcodes (
                           id integer GENERATED BY DEFAULT AS IDENTITY,
                           display_postcode character varying(8) NOT NULL,
                           local_authority_fk integer NOT NULL,
                           geo_data_fk integer,
                           loaded_datetime timestamp with time zone NOT NULL,
                           code character varying(15) NOT NULL,
                           CONSTRAINT "PK_postcodes" PRIMARY KEY (id),
                           CONSTRAINT "FK_postcodes_geo_data_geo_data_fk" FOREIGN KEY (geo_data_fk) REFERENCES geo_data (id),
                           CONSTRAINT "FK_postcodes_local_authorities_local_authority_fk" FOREIGN KEY (local_authority_fk) REFERENCES local_authorities (id) ON DELETE CASCADE
);

CREATE INDEX "IX_bedcount_metric_fk" ON bedcount (metric_fk);

CREATE INDEX "IX_bedcount_per_hundred_thousand_adults_metric_fk" ON bedcount_per_hundred_thousand_adults (metric_fk);

CREATE INDEX "IX_care_provider_locations_care_provider_fk" ON care_provider_locations (care_provider_fk);

CREATE INDEX "IX_care_provider_locations_geo_data_fk" ON care_provider_locations (geo_data_fk);

CREATE INDEX "IX_care_provider_locations_local_authority_fk" ON care_provider_locations (local_authority_fk);

CREATE INDEX "IX_countries_geo_data_fk" ON countries (geo_data_fk);

CREATE INDEX "IX_dementia_estimated_diagnosis_rate_65over_metric_fk" ON dementia_estimated_diagnosis_rate_65over (metric_fk);

CREATE INDEX "IX_dementia_prevalence_65over_metric_fk" ON dementia_prevalence_65over (metric_fk);

CREATE INDEX "IX_dementia_qof_prevalence_metric_fk" ON dementia_qof_prevalence (metric_fk);

CREATE INDEX "IX_dementia_register_65over_per100k_metric_fk" ON dementia_register_65over_per100k (metric_fk);

CREATE INDEX "IX_learning_disability_prevalence_metric_fk" ON learning_disability_prevalence (metric_fk);

CREATE INDEX "IX_local_authorities_geo_data_fk" ON local_authorities (geo_data_fk);

CREATE INDEX "IX_local_authorities_region_fk" ON local_authorities (region_fk);

CREATE INDEX "IX_median_bed_count_metric_fk" ON median_bed_count (metric_fk);

CREATE INDEX "IX_median_occupancy_metric_fk" ON median_occupancy (metric_fk);

CREATE INDEX "IX_metrics_metric_group_fk" ON metrics (metric_group_fk);

CREATE INDEX "IX_num_clients_long_term_support_metric_fk" ON num_clients_long_term_support (metric_fk);

CREATE INDEX "IX_occupancy_rates_metric_fk" ON occupancy_rates (metric_fk);

CREATE INDEX "IX_perc_18_64_metric_fk" ON perc_18_64 (metric_fk);

CREATE INDEX "IX_perc_65over_metric_fk" ON perc_65over (metric_fk);

CREATE INDEX "IX_perc_75over_metric_fk" ON perc_75over (metric_fk);

CREATE INDEX "IX_perc_85over_metric_fk" ON perc_85over (metric_fk);

CREATE INDEX "IX_perc_general_health_metric_fk" ON perc_general_health (metric_fk);

CREATE INDEX "IX_perc_household_ownership_metric_fk" ON perc_household_ownership (metric_fk);

CREATE INDEX "IX_perc_households_deprivation_deprived_metric_fk" ON perc_households_deprivation_deprived (metric_fk);

CREATE INDEX "IX_perc_households_one_person_metric_fk" ON perc_households_one_person (metric_fk);

CREATE INDEX "IX_perc_population_disability_metric_fk" ON perc_population_disability (metric_fk);

CREATE INDEX "IX_perc_unpaid_care_provider_metric_fk" ON perc_unpaid_care_provider (metric_fk);

CREATE INDEX "IX_postcodes_geo_data_fk" ON postcodes (geo_data_fk);

CREATE INDEX "IX_postcodes_local_authority_fk" ON postcodes (local_authority_fk);

CREATE INDEX "IX_regions_country_fk" ON regions (country_fk);

CREATE INDEX "IX_regions_geo_data_fk" ON regions (geo_data_fk);

CREATE INDEX "IX_total_population_metric_fk" ON total_population (metric_fk);

CREATE INDEX "IX_total_population_location_code_location_type" ON total_population (location_code, location_type);

CREATE INDEX "IX_perc_unpaid_care_provider_location_code_location_type" ON perc_unpaid_care_provider (location_code, location_type);

CREATE INDEX "IX_perc_population_disability_location_code_location_type" ON perc_population_disability (location_code, location_type);

CREATE INDEX "IX_perc_households_one_person_location_code_location_type" ON perc_households_one_person (location_code, location_type);

CREATE INDEX "IX_perc_households_deprivation_deprived_location_code_location~" ON perc_households_deprivation_deprived (location_code, location_type);

CREATE INDEX "IX_perc_household_ownership_location_code_location_type" ON perc_household_ownership (location_code, location_type);

CREATE INDEX "IX_perc_general_health_location_code_location_type" ON perc_general_health (location_code, location_type);

CREATE INDEX "IX_perc_85over_location_code_location_type" ON perc_85over (location_code, location_type);

CREATE INDEX "IX_perc_75over_location_code_location_type" ON perc_75over (location_code, location_type);

CREATE INDEX "IX_perc_65over_location_code_location_type" ON perc_65over (location_code, location_type);

CREATE INDEX "IX_perc_18_64_location_code_location_type" ON perc_18_64 (location_code, location_type);

CREATE INDEX "IX_occupancy_rates_location_code_location_type" ON occupancy_rates (location_code, location_type);

CREATE INDEX "IX_num_clients_long_term_support_location_code_location_type" ON num_clients_long_term_support (location_code, location_type);

CREATE INDEX "IX_median_occupancy_location_code_location_type" ON median_occupancy (location_code, location_type);

CREATE INDEX "IX_median_bed_count_location_code_location_type" ON median_bed_count (location_code, location_type);

CREATE INDEX "IX_learning_disability_prevalence_location_code_location_type" ON learning_disability_prevalence (location_code, location_type);

CREATE INDEX "IX_dementia_register_65over_per100k_location_code_location_type" ON dementia_register_65over_per100k (location_code, location_type);

CREATE INDEX "IX_dementia_qof_prevalence_location_code_location_type" ON dementia_qof_prevalence (location_code, location_type);

CREATE INDEX "IX_dementia_prevalence_65over_location_code_location_type" ON dementia_prevalence_65over (location_code, location_type);

CREATE INDEX "IX_dementia_estimated_diagnosis_rate_65over_location_code_loca~" ON dementia_estimated_diagnosis_rate_65over (location_code, location_type);

CREATE INDEX "IX_bedcount_per_hundred_thousand_adults_location_code_location~" ON bedcount_per_hundred_thousand_adults (location_code, location_type);

CREATE INDEX "IX_bedcount_location_code_location_type" ON bedcount (location_code, location_type);

CREATE INDEX "IX_care_provider_locations_code" ON care_provider_locations (code);


-- insert test data

DO $$
DECLARE
    country_id integer = 1;
    country_id_2 integer = 2;
    region_id integer = 1;
    region_id_2 integer = 2;
    la_id integer = 1;
    la_id_2 integer = 2;
    la_id_3 integer = 3;
    care_provider_id integer = 1;
    care_provider_id_2 integer = 2;
    care_provider_id_3 integer = 3;   
    care_provider_id_4 integer = 4;
    care_provider_location_id integer = 1;
    care_provider_location_id_2 integer = 2;
    care_provider_location_id_3 integer = 3;
    care_provider_location_id_4 integer = 4;
    care_provider_location_id_5 integer = 5;
    metric_group_id integer = 4;
    metric_group_id_2 integer = 11;
    metric_group_id_3 integer = 13;
    metric_group_id_4 integer = 17;
                   
    bedcount_metric_group_id integer = 200;
    bphta_metric_group_id integer = 201;
    dementia_estimated_diagnosis_rate_65over_metric_group_id integer = 202;
    dementia_prevalence_65over_metric_group_id integer = 203;
    dementia_qof_prevalence_metric_group_id integer = 204;
    dementia_register_65over_per100k_metric_group_id integer = 205;
    learning_disability_prevalence_metric_group_id integer = 206;
    median_bed_count_metric_group_id integer = 207;
    median_occupancy_metric_group_id integer = 208;
    occupancy_rates_metric_group_id integer = 209;
    perc_18_64_metric_group_id integer = 210;
    perc_65over_metric_group_id integer = 211;
    perc_75over_metric_group_id integer = 212;
    perc_85over_metric_group_id integer = 213;
    perc_general_health_metric_group_id integer = 214;
    perc_household_ownership_metric_group_id integer = 215;
    perc_households_deprivation_deprived_metric_group_id integer = 216;
    perc_households_one_person_metric_group_id integer = 217;
    perc_population_disability_metric_group_id integer = 218;
    perc_unpaid_care_provider_metric_group_id integer = 219;
    total_population_metric_group_id integer = 220;              
                                   
    bedcount_total_metric_id integer = 101;
    bphta_total_metric_id integer = 102;
    bphta_total_dementia_nursing_metric_id integer = 103;
    bphta_total_dementia_residential_metric_id integer = 150;                                                              
    bphta_total_general_nursing_metric_id integer = 104;
    bphta_total_general_residential_metric_id integer = 105;
    bphta_total_learning_disability_nursing_metric_id integer = 106;
    bphta_total_learning_disability_residential_metric_id integer = 107;
    bphta_total_mental_health_nursing_metric_id integer = 108;
    bphta_total_mental_health_residential_metric_id integer = 109;
    bphta_total_transitional_metric_id integer = 110;
    bphta_total_ypd_young_physically_disabled_metric_id integer = 111;
    dementia_estimated_diagnosis_rate_65over_metric_id integer = 112;
    dementia_prevalence_65over_metric_id integer = 113;
    dementia_qof_prevalence_metric_id integer = 114;
    dementia_register_65over_per100k_metric_id integer = 115;
    learning_disability_prevalence_metric_id integer = 116;
    median_bed_count_total_metric_id integer = 117;
    median_occupancy_total_metric_id integer = 118;
    occupancy_rates_total_metric_id integer = 119;
    perc_18_64_metric_id integer = 120;
    perc_65over_metric_id integer = 121;
    perc_75over_metric_id integer = 122;
    perc_85over_metric_id integer = 123;
    perc_general_health_total_metric_id integer = 124;
    perc_household_ownership_total_metric_id integer = 125;
    perc_households_deprivation_deprived_total_metric_id integer = 126;
    perc_households_one_person_total_metric_id integer = 127;
    perc_population_disability_disabled_total_metric_id integer = 128;
    perc_unpaid_care_provider_total_metric_id integer = 129;
    total_population_metric_id integer = 130;

    metric_id integer = 5;
    metric_id_2 integer = 6;
    metric_id_3 integer = 7;
    gd_country integer = 1;
    gd_region integer = 2;
    gd_la integer = 3;
    gd_la_2 integer = 11;
    gd_cpl integer = 4;
    gd_cpl_2 integer = 5;
    gd_cpl_3 integer = 6;
    gd_postcode integer = 7;
    gd_postcode_2 integer = 8;
    gd_postcode_3 integer = 9;    
    gd_postcode_4 integer = 10;

BEGIN
    INSERT INTO geo_data(id, coordinate, bounding_polygon, loaded_datetime)
    VALUES (gd_country, ST_Point(-1.464854, 52.561928), ST_Polygon('LINESTRING(50.0 -3.8, 53.9 -1.8, 55.25 -1.8, 52.25 -3.9, 50.0 -3.8)'::geometry, 4326), CURRENT_TIMESTAMP),
           (gd_region, ST_Point(-2.75, 54.075),ST_Polygon('LINESTRING(52.9 -3.8, 52.9 -1.8, 55.25 -1.8, 55.25 -3.8, 52.9 -3.8)'::geometry, 4326), CURRENT_TIMESTAMP),
           (gd_la, ST_Point(-2.98, 53.405),ST_Polygon('LINESTRING(53.26 -3.3, 53.26 -2.55, 53.73 -2.55, 53.73 -3.3, 53.26 -3.3)'::geometry, 4326), CURRENT_TIMESTAMP),
           (gd_la_2, ST_Point(-2.55, 52.600),ST_Polygon('LINESTRING(51.26 -3.4, 53.26 -2.95, 53.73 -2.75, 55.73 -3.3, 51.26 -3.4)'::geometry, 4326), CURRENT_TIMESTAMP),
           (gd_cpl, ST_Point(-2.88, 53.425), ST_Polygon('LINESTRING(55.26 -3.3, 52.26 -2.55, 53.73 -2.65, 54.73 -3.3, 55.26 -3.3)'::geometry, 4326), CURRENT_TIMESTAMP),
           (gd_cpl_2, ST_Point(-2.38, 52.425), null, CURRENT_TIMESTAMP),
           (gd_cpl_3, ST_Point(-2.83, 53.425), null, CURRENT_TIMESTAMP),
           (gd_postcode, ST_Point(-0.349629386, 51.33954856349381), ST_Polygon('LINESTRING(55.26 -3.3, 59.6 -2.55, 54.73 -2.95, 52.73 -3.1, 55.26 -3.3)'::geometry, 4326), CURRENT_TIMESTAMP),
           (gd_postcode_2, ST_Point(0.7260691453143282, 51.32988801568501 ), null, CURRENT_TIMESTAMP),
           (gd_postcode_3, ST_Point(0.7283745919593453, 51.32954649874547), null, CURRENT_TIMESTAMP),
           (gd_postcode_4, ST_Point(-1.445481473,52.43602168912626), null, CURRENT_TIMESTAMP);

    INSERT INTO countries (id, code, name, geo_data_fk, loaded_datetime)
    VALUES (country_id, 'E92000001','England', gd_country, CURRENT_TIMESTAMP),
           (country_id_2, 'E92000002','Scotland', null, CURRENT_TIMESTAMP);

    INSERT INTO regions (id, code, name, country_fk, geo_data_fk, loaded_datetime)
    VALUES (region_id, 'E12000002', 'North West', country_id, gd_region,CURRENT_TIMESTAMP),
            (region_id_2, 'E12000003', 'North East', country_id, NULL, CURRENT_TIMESTAMP);

    INSERT INTO local_authorities (id, code, name, region_fk, geo_data_fk, loaded_datetime)
    VALUES (la_id, 'E08000014', 'Liverpool', region_id, gd_la, CURRENT_TIMESTAMP),
           (la_id_2, 'E08000015', 'Manchester', region_id, gd_la_2, CURRENT_TIMESTAMP),
           (la_id_3, 'E08000016', 'Cheshire', region_id, null, CURRENT_TIMESTAMP);

    INSERT INTO postcodes (id, code, display_postcode, local_authority_fk, geo_data_fk, loaded_datetime)
    VALUES (1, 'KT220UF', 'KT22 0UF', la_id, gd_postcode, CURRENT_TIMESTAMP),
           (2, 'ME101QX', 'ME10 1QX', la_id, gd_postcode_2,CURRENT_TIMESTAMP),
           (3, 'ME101QY', 'ME10 1QY', la_id, gd_postcode_3, CURRENT_TIMESTAMP),
           (4, 'CV22TN', 'CV2 2TN', la_id,gd_postcode_4, CURRENT_TIMESTAMP),
           (5, 'CV23TN', 'CV2 3TN', la_id_3,null, CURRENT_TIMESTAMP);

    INSERT INTO care_providers (id, name, code, loaded_datetime)
    VALUES (care_provider_id, 'Bupa', '1-123456789', CURRENT_TIMESTAMP),
           (care_provider_id_2, 'Katherine', '1-123456777', CURRENT_TIMESTAMP),
           (care_provider_id_3, 'Rob', '1-123456712', CURRENT_TIMESTAMP),
           (care_provider_id_4, 'James', '1-123456713', CURRENT_TIMESTAMP);

    INSERT INTO care_provider_locations (id, name,category, care_provider_fk, geo_data_fk, address, nominated_individual, local_authority_fk, code, loaded_datetime)
    VALUES (care_provider_location_id, 'Bupa Liverpool', 'Residential',care_provider_id, gd_cpl, 'Bupa Liverpool, CV2 2TN', 'Mr. Ice Cool', la_id, '1-222222222', CURRENT_TIMESTAMP),
           (care_provider_location_id_2, 'Katherines Teeth', 'Residential', care_provider_id_2, gd_cpl_2, 'Katherines Teeth, Liverpool, ME10 1QX', 'Katherine', la_id, '1-222222223', CURRENT_TIMESTAMP),
           (care_provider_location_id_3, 'Katherines Eyes','Residential', care_provider_id_2, gd_cpl_3, 'Katherines Eyes, Liverpool, ME10 1QY', 'Katherine', la_id, '1-222222224', CURRENT_TIMESTAMP),
           (care_provider_location_id_4, 'Katherines Ears','Care home', care_provider_id_4, null, 'Katherines Ears, Liverpool, ME10 1QZ', 'Katherine', la_id, '1-222222225', CURRENT_TIMESTAMP),
           (care_provider_location_id_5, 'Katherines Noses','Care home', care_provider_id_4, null, 'Katherines Noses, Liverpool, ME11 1QZ', null, la_id, '1-222222226', CURRENT_TIMESTAMP);


INSERT INTO metric_groups (id, code, loaded_datetime, display_name)
    VALUES (metric_group_id, 'metric_group_code', CURRENT_TIMESTAMP, 'Metric group display name' ),
           (metric_group_id_2, 'metric_group_code_2', CURRENT_TIMESTAMP, 'Metric group 2 display name' ),
           (metric_group_id_3, 'metric_group_code_3', CURRENT_TIMESTAMP,'Metric group 3 display name'  ),
           (metric_group_id_4, 'metric_group_code_4', CURRENT_TIMESTAMP,'Metric group 4 display name'  ),
           (bedcount_metric_group_id, 'bedcount', CURRENT_TIMESTAMP, 'metric group display name' ),
           (bphta_metric_group_id, 'bedcount_per_hundred_thousand_adults',  CURRENT_TIMESTAMP, 'metric group display name' ),
           (dementia_estimated_diagnosis_rate_65over_metric_group_id, 'dementia_estimated_diagnosis_rate_65over',  CURRENT_TIMESTAMP, 'metric group display name' ),
           (dementia_prevalence_65over_metric_group_id, 'dementia_prevalence_65over', CURRENT_TIMESTAMP, 'metric group display name' ),
           (dementia_qof_prevalence_metric_group_id, 'dementia_qof_prevalence', CURRENT_TIMESTAMP, 'metric group display name' ),
           (dementia_register_65over_per100k_metric_group_id, 'dementia_register_65over_per100k',  CURRENT_TIMESTAMP, 'metric group display name' ),
           (learning_disability_prevalence_metric_group_id, 'learning_disability_prevalence', CURRENT_TIMESTAMP, 'metric group display name' ),
           (median_bed_count_metric_group_id, 'median_bed_count',  CURRENT_TIMESTAMP, 'metric group display name' ),
           (median_occupancy_metric_group_id, 'median_occupancy',  CURRENT_TIMESTAMP, 'metric group display name' ),
           (occupancy_rates_metric_group_id, 'occupancy_rates',  CURRENT_TIMESTAMP,  'metric group display name' ),
           (perc_18_64_metric_group_id, 'perc_18_64',  CURRENT_TIMESTAMP,  'metric group display name' ),
           (perc_65over_metric_group_id, 'perc_65over',  CURRENT_TIMESTAMP,  'metric group display name' ),
           (perc_75over_metric_group_id, 'perc_75over',  CURRENT_TIMESTAMP,  'metric group display name' ),
           (perc_85over_metric_group_id, 'perc_85over',  CURRENT_TIMESTAMP, 'metric group display name' ),
           (perc_general_health_metric_group_id, 'perc_general_health',  CURRENT_TIMESTAMP,  'metric group display name' ),
           (perc_household_ownership_metric_group_id, 'perc_household_ownership',  CURRENT_TIMESTAMP,  'metric group display name' ),
           (perc_households_deprivation_deprived_metric_group_id, 'perc_households_deprivation_deprived',  CURRENT_TIMESTAMP,  'metric group display name' ),
           (perc_households_one_person_metric_group_id, 'perc_households_one_person',  CURRENT_TIMESTAMP,  'metric group display name' ),
           (perc_population_disability_metric_group_id, 'perc_population_disability',  CURRENT_TIMESTAMP,  'metric group display name' ),
           (perc_unpaid_care_provider_metric_group_id, 'perc_unpaid_care_provider',  CURRENT_TIMESTAMP,  'metric group display name' ),
           (total_population_metric_group_id, 'total_population',  CURRENT_TIMESTAMP, 'metric group display name' );


    INSERT INTO metrics (id, code, metric_group_fk, filter_type, numerator_description, denominator_description, data_source, data_type, frequency, loaded_datetime)
    VALUES (metric_id, 'metric_code', metric_group_id, 'Metric filter info', 'This is a numerator 2', 'This is a denominator 2', 'ONS', 'numbers', 'Daily', CURRENT_TIMESTAMP), 
           (metric_id_2, 'metric_code_2', metric_group_id, 'Metric 2 filter info', 'This is a numerator 2', 'This is a denominator 2', 'ONS', 'numbers', 'Daily', CURRENT_TIMESTAMP),
           (metric_id_3, 'metric_code_3', metric_group_id_2, 'Metric 3 filter info', 'This is a numerator 3', 'This is a denominator 3','ONS', 'numbers', 'Daily', CURRENT_TIMESTAMP),
           (bedcount_total_metric_id, 'bedcount_total', bedcount_metric_group_id, 'Metric filter info', 'This is a numerator', 'This is a denominator', 'ONS', 'numbers', 'Daily', CURRENT_TIMESTAMP),
           (bphta_total_metric_id, 'bedcount_per_hundred_thousand_adults_total', bphta_metric_group_id, 'Metric filter info', 'This is a numerator', 'This is a denominator', 'ONS', 'numbers', 'Daily', CURRENT_TIMESTAMP),
           (bphta_total_dementia_nursing_metric_id, 'bedcount_per_hundred_thousand_adults_dementia_nursing', bphta_metric_group_id, 'Metric filter info', 'This is a numerator', 'This is a denominator', 'ONS', 'numbers', 'Daily', CURRENT_TIMESTAMP),
           (bphta_total_dementia_residential_metric_id, 'bedcount_per_hundred_thousand_adults_dementia_residential', bphta_metric_group_id, 'Metric filter info', 'This is a numerator', 'This is a denominator', 'ONS', 'numbers', 'Daily', CURRENT_TIMESTAMP),
           (bphta_total_general_nursing_metric_id, 'bedcount_per_hundred_thousand_adults_general_nursing', bphta_metric_group_id, 'Metric filter info', 'This is a numerator', 'This is a denominator', 'ONS', 'numbers', 'Daily', CURRENT_TIMESTAMP),
           (bphta_total_general_residential_metric_id, 'bedcount_per_hundred_thousand_adults_general_residential', bphta_metric_group_id, 'Metric filter info', 'This is a numerator', 'This is a denominator', 'ONS', 'numbers', 'Daily', CURRENT_TIMESTAMP),
           (bphta_total_learning_disability_nursing_metric_id, 'bedcount_per_hundred_thousand_adults_learning_disability_nursing', bphta_metric_group_id, 'Metric filter info', 'This is a numerator', 'This is a denominator', 'ONS', 'numbers', 'Daily', CURRENT_TIMESTAMP),
           (bphta_total_learning_disability_residential_metric_id, 'bedcount_per_hundred_thousand_adults_learning_disability_residential', bphta_metric_group_id, 'Metric filter info', 'This is a numerator', 'This is a denominator', 'ONS', 'numbers', 'Daily', CURRENT_TIMESTAMP),
           (bphta_total_mental_health_nursing_metric_id, 'bedcount_per_hundred_thousand_adults_mental_health_nursing', bphta_metric_group_id, 'Metric filter info', 'This is a numerator', 'This is a denominator', 'ONS', 'numbers', 'Daily', CURRENT_TIMESTAMP),
           (bphta_total_mental_health_residential_metric_id, 'bedcount_per_hundred_thousand_adults_mental_health_residential', bphta_metric_group_id, 'Metric filter info', 'This is a numerator', 'This is a denominator', 'ONS', 'numbers', 'Daily', CURRENT_TIMESTAMP),
           (bphta_total_transitional_metric_id, 'bedcount_per_hundred_thousand_adults_transitional', bphta_metric_group_id, 'Metric filter info', 'This is a numerator', 'This is a denominator', 'ONS', 'numbers', 'Daily', CURRENT_TIMESTAMP),
           (bphta_total_ypd_young_physically_disabled_metric_id, 'bedcount_per_hundred_thousand_adults_ypd_young_physically_disabled', bphta_metric_group_id, 'Metric filter info', 'This is a numerator', 'This is a denominator', 'ONS', 'numbers', 'Daily', CURRENT_TIMESTAMP),
           (dementia_estimated_diagnosis_rate_65over_metric_id, 'dementia_estimated_diagnosis_rate_65over', dementia_estimated_diagnosis_rate_65over_metric_group_id, 'Filter info text', 'This is a numerator', 'This is a denominator', 'Capacity Tracker', 'numbers', 'Daily', CURRENT_TIMESTAMP),
           (dementia_prevalence_65over_metric_id, 'dementia_prevalence_65over', dementia_prevalence_65over_metric_group_id, 'Filter info text', 'This is a numerator', 'This is a denominator', 'Capacity Tracker', 'numbers', 'Daily', CURRENT_TIMESTAMP),
           (dementia_qof_prevalence_metric_id, 'dementia_qof_prevalence', dementia_qof_prevalence_metric_group_id, 'Filter info text', 'This is a numerator', 'This is a denominator', 'Capacity Tracker', 'numbers', 'Daily', CURRENT_TIMESTAMP),
           (dementia_register_65over_per100k_metric_id, 'dementia_register_65over_per100k', dementia_register_65over_per100k_metric_group_id, 'Filter info text', 'This is a numerator', 'This is a denominator', 'Capacity Tracker', 'numbers', 'Daily', CURRENT_TIMESTAMP),
           (learning_disability_prevalence_metric_id, 'learning_disability_prevalence', learning_disability_prevalence_metric_group_id, 'Filter info text', 'This is a numerator', 'This is a denominator', 'Capacity Tracker', 'numbers', 'Daily', CURRENT_TIMESTAMP),
           (median_bed_count_total_metric_id, 'median_bed_count_total', median_bed_count_metric_group_id, 'Filter info text', 'This is a numerator', 'This is a denominator', 'Capacity Tracker', 'numbers', 'Daily', CURRENT_TIMESTAMP),
           (median_occupancy_total_metric_id, 'median_occupancy_total', median_occupancy_metric_group_id, 'Filter info text', 'This is a numerator', 'This is a denominator', 'Capacity Tracker', 'numbers', 'Daily', CURRENT_TIMESTAMP),
           (occupancy_rates_total_metric_id, 'occupancy_rate_total', occupancy_rates_metric_group_id, 'Filter info text', 'This is a numerator', 'This is a denominator', 'Capacity Tracker', 'numbers', 'Daily', CURRENT_TIMESTAMP),
           (perc_18_64_metric_id, 'perc_18_64', perc_18_64_metric_group_id, 'Filter info text', 'This is a numerator', 'This is a denominator', 'Capacity Tracker', 'numbers', 'Daily', CURRENT_TIMESTAMP),
           (perc_65over_metric_id, 'perc_65over', perc_65over_metric_group_id, 'Filter info text', 'This is a numerator', 'This is a denominator', 'Capacity Tracker', 'numbers', 'Daily', CURRENT_TIMESTAMP),
           (perc_75over_metric_id, 'perc_75over', perc_75over_metric_group_id, 'Filter info text', 'This is a numerator', 'This is a denominator', 'Capacity Tracker', 'numbers', 'Daily', CURRENT_TIMESTAMP),
           (perc_85over_metric_id, 'perc_85over', perc_85over_metric_group_id, 'Filter info text', 'This is a numerator', 'This is a denominator', 'Capacity Tracker', 'numbers', 'Daily', CURRENT_TIMESTAMP),
           (perc_general_health_total_metric_id, 'perc_general_health', perc_general_health_metric_group_id, 'Filter info text', 'This is a numerator', 'This is a denominator', 'Capacity Tracker', 'numbers', 'Daily', CURRENT_TIMESTAMP),
           (perc_household_ownership_total_metric_id, 'perc_household_ownership', perc_household_ownership_metric_group_id, 'Filter info text', 'This is a numerator', 'This is a denominator', 'Capacity Tracker', 'numbers', 'Daily', CURRENT_TIMESTAMP),
           (perc_households_deprivation_deprived_total_metric_id, 'perc_households_deprivation_deprived', perc_households_deprivation_deprived_metric_group_id, 'Filter info text', 'This is a numerator', 'This is a denominator', 'Capacity Tracker', 'numbers', 'Daily', CURRENT_TIMESTAMP),
           (perc_households_one_person_total_metric_id, 'perc_households_one_person', perc_households_one_person_metric_group_id, 'Filter info text', 'This is a numerator', 'This is a denominator', 'Capacity Tracker', 'numbers', 'Daily', CURRENT_TIMESTAMP),
           (perc_population_disability_disabled_total_metric_id, 'perc_population_disability', perc_population_disability_metric_group_id, 'Filter info text', 'This is a numerator', 'This is a denominator', 'Capacity Tracker', 'numbers', 'Daily', CURRENT_TIMESTAMP),
           (perc_unpaid_care_provider_total_metric_id, 'perc_unpaid_care_provider', perc_unpaid_care_provider_metric_group_id, 'Filter info text', 'This is a numerator', 'This is a denominator', 'Capacity Tracker', 'numbers', 'Daily', CURRENT_TIMESTAMP),
           (total_population_metric_id, 'total_population', total_population_metric_group_id, 'Filter info text', 'This is a numerator', 'This is a denominator', 'Capacity Tracker', 'numbers', 'Daily', CURRENT_TIMESTAMP);

    INSERT INTO bedcount (id, metric_fk, location_code, location_type, start_date, end_date, time_series, latest_value, loaded_datetime)
    VALUES (1, bedcount_total_metric_id, '1-123456789', 'National', '2000-01-01 00:00:00', '2025-01-01 00:00:00', ARRAY [1.1,2.2,3.3,4.4,5.5], 5.5, CURRENT_TIMESTAMP),
           (2, bedcount_total_metric_id, 'E92000001', 'Regional', '2001-01-01 00:00:00', '2026-01-01 00:00:00', ARRAY [2.2,3.3,4.4,5.5,6.6], 6.6, CURRENT_TIMESTAMP),
           (3, bedcount_total_metric_id, 'E92000001', 'LA', '2001-01-01 00:00:00', '2026-01-01 00:00:00', ARRAY [2.2,3.3,4.4,5.5, 7.7], 7.7, CURRENT_TIMESTAMP),
           (4, bedcount_total_metric_id, 'E92000001', 'CareProviderLocation', '2001-01-01 00:00:00', '2026-01-01 00:00:00', ARRAY [2.2,3.3,4.4,5.5,8.8], 8.8, CURRENT_TIMESTAMP),
           (5, bedcount_total_metric_id, 'E92000001', 'National', '2001-01-01 00:00:00', '2026-01-01 00:00:00', ARRAY [2.2,3.3,4.4,5.5,9.9], 9.9, CURRENT_TIMESTAMP);



    INSERT INTO bedcount_per_hundred_thousand_adults (id, metric_fk, location_code, location_type, start_date, end_date, time_series, latest_value, loaded_datetime)
    VALUES (1, bphta_total_metric_id, 'E92000001', 'Regional', '2001-01-01 00:00:00', '2026-01-01 00:00:00', ARRAY [2.2,3.3,4.4,5.5, 6.7], 6.7, CURRENT_TIMESTAMP),
           (3, bphta_total_dementia_nursing_metric_id, 'E92000001', 'Regional', '2001-01-01 00:00:00', '2026-01-01 00:00:00', ARRAY [2.2,3.3,4.4,5.5, 7.1], 7.1, CURRENT_TIMESTAMP),
           (4, bphta_total_dementia_residential_metric_id, 'E92000001', 'Regional', '2001-01-01 00:00:00', '2026-01-01 00:00:00', ARRAY [2.2,3.3,4.4,5.5, 7.2], 7.2, CURRENT_TIMESTAMP),
           (5, bphta_total_general_nursing_metric_id, 'E92000001', 'Regional', '2001-01-01 00:00:00', '2026-01-01 00:00:00', ARRAY [2.2,3.3,4.4,5.5, 7.3], 7.3, CURRENT_TIMESTAMP),
           (6, bphta_total_general_residential_metric_id, 'E92000001', 'Regional', '2001-01-01 00:00:00', '2026-01-01 00:00:00', ARRAY [2.2,3.3,4.4,5.5, 7.4], 7.4, CURRENT_TIMESTAMP),
           (7, bphta_total_learning_disability_nursing_metric_id, 'E92000001', 'Regional', '2001-01-01 00:00:00', '2026-01-01 00:00:00', ARRAY [2.2,3.3,4.4,5.5, 7.5], 7.5, CURRENT_TIMESTAMP),
           (8, bphta_total_learning_disability_residential_metric_id, 'E92000001', 'Regional', '2001-01-01 00:00:00', '2026-01-01 00:00:00', ARRAY [2.2,3.3,4.4,5.5, 7.6], 7.6, CURRENT_TIMESTAMP),
           (9, bphta_total_mental_health_nursing_metric_id, 'E92000001', 'Regional', '2001-01-01 00:00:00', '2026-01-01 00:00:00', ARRAY [2.2,3.3,4.4,5.5, 7.7], 7.7, CURRENT_TIMESTAMP),
           (10, bphta_total_mental_health_residential_metric_id, 'E92000001', 'Regional', '2001-01-01 00:00:00', '2026-01-01 00:00:00', ARRAY [2.2,3.3,4.4,5.5, 7.8], 7.8, CURRENT_TIMESTAMP),
           (11, bphta_total_transitional_metric_id, 'E92000001', 'Regional', '2001-01-01 00:00:00', '2026-01-01 00:00:00', ARRAY [2.2,3.3,4.4,5.5, 7.9], 7.9, CURRENT_TIMESTAMP),
           (12, bphta_total_ypd_young_physically_disabled_metric_id, 'E92000001', 'Regional', '2001-01-01 00:00:00', '2026-01-01 00:00:00', ARRAY [2.2,3.3,4.4,5.5, 7.11], 7.11, CURRENT_TIMESTAMP),
           (2, bphta_total_metric_id, '1-123456789', 'National', '2002-01-01 00:00:00', '2024-01-01 00:00:00', ARRAY [22.2,null,44.4, null, 32.1], 32.1, CURRENT_TIMESTAMP);
    
    INSERT INTO dementia_estimated_diagnosis_rate_65over (id, metric_fk, location_code, location_type, start_date, end_date, time_series, latest_value, loaded_datetime)
    VALUES (1, dementia_estimated_diagnosis_rate_65over_metric_id, 'E92000001', 'Regional', '2001-01-01 00:00:00', '2026-01-01 00:00:00', ARRAY [2.2,3.3,4.4,5.5, 6.8], 6.8, CURRENT_TIMESTAMP),
           (2, dementia_estimated_diagnosis_rate_65over_metric_id, 'E92000002', 'National', '2001-01-01 00:00:00', '2026-01-01 00:00:00', ARRAY [2.2,3.3,4.4,5.5, 6.7], 6.7, CURRENT_TIMESTAMP),
           (3, dementia_estimated_diagnosis_rate_65over_metric_id, 'E12000003', 'Regional', '2001-01-01 00:00:00', '2026-01-01 00:00:00', ARRAY [2.2,3.3,4.4,5.5, 6.8], 6.8, CURRENT_TIMESTAMP),
           (4, dementia_estimated_diagnosis_rate_65over_metric_id, 'E08000014', 'LA', '2001-01-01 00:00:00', '2026-01-01 00:00:00', ARRAY [2.2,3.3,4.4,5.5, 6.8], 6.8, CURRENT_TIMESTAMP),
           (5, dementia_estimated_diagnosis_rate_65over_metric_id, '1-222222222', 'CareProviderLocation', '2001-01-01 00:00:00', '2026-01-01 00:00:00', ARRAY [2.2,3.3,4.4,5.5, 6.8], 6.8, CURRENT_TIMESTAMP);


    INSERT INTO dementia_prevalence_65over (id, metric_fk, location_code, location_type, start_date, end_date, time_series, latest_value, loaded_datetime)
    VALUES (1, dementia_prevalence_65over_metric_id, 'E92000001', 'Regional', '2001-01-01 00:00:00', '2026-01-01 00:00:00', ARRAY [2.2,3.3,4.4,5.5, 6.9], 6.9, CURRENT_TIMESTAMP),
           (2, dementia_prevalence_65over_metric_id, 'E92000002', 'National', '2001-01-01 00:00:00', '2026-01-01 00:00:00', ARRAY [2.2,3.3,4.4,5.5, 6.7], 6.7, CURRENT_TIMESTAMP),
           (3, dementia_prevalence_65over_metric_id, 'E12000003', 'Regional', '2001-01-01 00:00:00', '2026-01-01 00:00:00', ARRAY [2.2,3.3,4.4,5.5, 6.8], 6.8, CURRENT_TIMESTAMP),
           (4, dementia_prevalence_65over_metric_id, 'E08000014', 'LA', '2001-01-01 00:00:00', '2026-01-01 00:00:00', ARRAY [2.2,3.3,4.4,5.5, 6.8], 6.8, CURRENT_TIMESTAMP),
           (5, dementia_prevalence_65over_metric_id, '1-222222222', 'CareProviderLocation', '2001-01-01 00:00:00', '2026-01-01 00:00:00', ARRAY [2.2,3.3,4.4,5.5, 6.8], 6.8, CURRENT_TIMESTAMP);


    INSERT INTO dementia_qof_prevalence (id, metric_fk, location_code, location_type, start_date, end_date, time_series, latest_value, loaded_datetime)
    VALUES (1, dementia_qof_prevalence_metric_id, 'E92000001', 'Regional', '2001-01-01 00:00:00', '2026-01-01 00:00:00', ARRAY [2.2,3.3,4.4,5.5, 6.11], 6.11, CURRENT_TIMESTAMP),
           (2, dementia_qof_prevalence_metric_id, 'E92000002', 'National', '2001-01-01 00:00:00', '2026-01-01 00:00:00', ARRAY [2.2,3.3,4.4,5.5, 6.7], 6.7, CURRENT_TIMESTAMP),
           (3, dementia_qof_prevalence_metric_id, 'E12000003', 'Regional', '2001-01-01 00:00:00', '2026-01-01 00:00:00', ARRAY [2.2,3.3,4.4,5.5, 6.8], 6.8, CURRENT_TIMESTAMP),
           (4, dementia_qof_prevalence_metric_id, 'E08000014', 'LA', '2001-01-01 00:00:00', '2026-01-01 00:00:00', ARRAY [2.2,3.3,4.4,5.5, 6.8], 6.8, CURRENT_TIMESTAMP),
           (5, dementia_qof_prevalence_metric_id, '1-222222222', 'CareProviderLocation', '2001-01-01 00:00:00', '2026-01-01 00:00:00', ARRAY [2.2,3.3,4.4,5.5, 6.8], 6.8, CURRENT_TIMESTAMP);



INSERT INTO dementia_register_65over_per100k (id, metric_fk, location_code, location_type, start_date, end_date, time_series, latest_value, loaded_datetime)
    VALUES (1, dementia_register_65over_per100k_metric_id, 'E92000001', 'Regional', '2001-01-01 00:00:00', '2026-01-01 00:00:00', ARRAY [2.2,3.3,4.4,5.5, 6.12], 6.12, CURRENT_TIMESTAMP),
           (2, dementia_register_65over_per100k_metric_id, 'E92000002', 'National', '2001-01-01 00:00:00', '2026-01-01 00:00:00', ARRAY [2.2,3.3,4.4,5.5, 6.7], 6.7, CURRENT_TIMESTAMP),
           (3, dementia_register_65over_per100k_metric_id, 'E12000003', 'Regional', '2001-01-01 00:00:00', '2026-01-01 00:00:00', ARRAY [2.2,3.3,4.4,5.5, 6.8], 6.8, CURRENT_TIMESTAMP),
           (4, dementia_register_65over_per100k_metric_id, 'E08000014', 'LA', '2001-01-01 00:00:00', '2026-01-01 00:00:00', ARRAY [2.2,3.3,4.4,5.5, 6.8], 6.8, CURRENT_TIMESTAMP),
           (5, dementia_register_65over_per100k_metric_id, '1-222222222', 'CareProviderLocation', '2001-01-01 00:00:00', '2026-01-01 00:00:00', ARRAY [2.2,3.3,4.4,5.5, 6.8], 6.8, CURRENT_TIMESTAMP);


INSERT INTO learning_disability_prevalence (id, metric_fk, location_code, location_type, start_date, end_date, time_series, latest_value, loaded_datetime)
    VALUES (1, learning_disability_prevalence_metric_id, 'E92000001', 'Regional', '2001-01-01 00:00:00', '2026-01-01 00:00:00', ARRAY [2.2,3.3,4.4,5.5, 6.13], 6.13, CURRENT_TIMESTAMP);
    
    INSERT INTO median_bed_count (id, metric_fk, location_code, location_type, start_date, end_date, time_series, latest_value, loaded_datetime)
    VALUES (1, median_bed_count_total_metric_id, 'E92000001', 'Regional', '2001-01-01 00:00:00', '2026-01-01 00:00:00', ARRAY [2.2,3.3,4.4,5.5, 6.6], 6.6, CURRENT_TIMESTAMP),
           (2, median_bed_count_total_metric_id, 'E92000002', 'National', '2001-01-01 00:00:00', '2026-01-01 00:00:00', ARRAY [2.2,3.3,4.4,5.5, 6.7], 6.7, CURRENT_TIMESTAMP),
           (3, median_bed_count_total_metric_id, 'E12000003', 'Regional', '2001-01-01 00:00:00', '2026-01-01 00:00:00', ARRAY [2.2,3.3,4.4,5.5, 6.8], 6.8, CURRENT_TIMESTAMP),
           (4, median_bed_count_total_metric_id, 'E08000014', 'LA', '2001-01-01 00:00:00', '2026-01-01 00:00:00', ARRAY [2.2,3.3,4.4,5.5, 6.8], 6.8, CURRENT_TIMESTAMP),
           (5, median_bed_count_total_metric_id, '1-222222222', 'CareProviderLocation', '2001-01-01 00:00:00', '2026-01-01 00:00:00', ARRAY [2.2,3.3,4.4,5.5, 6.8], 6.8, CURRENT_TIMESTAMP);

    INSERT INTO median_occupancy (id, metric_fk, location_code, location_type, start_date, end_date, time_series, latest_value, loaded_datetime)
    VALUES (1, median_occupancy_total_metric_id, 'E92000001', 'Regional', '2001-01-01 00:00:00', '2026-01-01 00:00:00', ARRAY [2.2,3.3,4.4,5.5, 6.15], 6.15, CURRENT_TIMESTAMP);
    
    INSERT INTO occupancy_rates (id, metric_fk, location_code, location_type, start_date, end_date, time_series, latest_value, loaded_datetime)
    VALUES (1, occupancy_rates_total_metric_id, 'E92000001', 'Regional', '2001-01-01 00:00:00', '2026-01-01 00:00:00', ARRAY [2.2,3.3,4.4,5.5, 6.16], 6.16, CURRENT_TIMESTAMP);
    
    INSERT INTO perc_18_64 (id, metric_fk, location_code, location_type, start_date, end_date, time_series, latest_value, loaded_datetime)
    VALUES (1, perc_18_64_metric_id, 'E92000001', 'Regional', '2001-01-01 00:00:00', '2026-01-01 00:00:00', ARRAY [2.2,3.3,4.4,5.5, 6.17], 6.17, CURRENT_TIMESTAMP);
    
    INSERT INTO perc_65over (id, metric_fk, location_code, location_type, start_date, end_date, time_series, latest_value, loaded_datetime)
    VALUES (1, perc_65over_metric_id, 'E92000001', 'Regional', '2001-01-01 00:00:00', '2026-01-01 00:00:00', ARRAY [2.2,3.3,4.4,5.5, 6.18], 6.18, CURRENT_TIMESTAMP);
    
    INSERT INTO perc_75over (id, metric_fk, location_code, location_type, start_date, end_date, time_series, latest_value, loaded_datetime)
    VALUES (1, perc_75over_metric_id, 'E92000001', 'Regional', '2001-01-01 00:00:00', '2026-01-01 00:00:00', ARRAY [2.2,3.3,4.4,5.5, 6.19], 6.19, CURRENT_TIMESTAMP);
    
    INSERT INTO perc_85over (id, metric_fk, location_code, location_type, start_date, end_date, time_series, latest_value, loaded_datetime)
    VALUES (1, perc_85over_metric_id, 'E92000001', 'Regional', '2001-01-01 00:00:00', '2026-01-01 00:00:00', ARRAY [2.2,3.3,4.4,5.5, 6.21], 6.21, CURRENT_TIMESTAMP);
    
    INSERT INTO perc_general_health (id, metric_fk, location_code, location_type, start_date, end_date, time_series, latest_value, loaded_datetime)
    VALUES (1, perc_general_health_total_metric_id, 'E92000001', 'Regional', '2001-01-01 00:00:00', '2026-01-01 00:00:00', ARRAY [2.2,3.3,4.4,5.5, 6.22], 6.22, CURRENT_TIMESTAMP);
    
    INSERT INTO perc_household_ownership (id, metric_fk, location_code, location_type, start_date, end_date, time_series, latest_value, loaded_datetime)
    VALUES (1, perc_household_ownership_total_metric_id, 'E92000001', 'Regional', '2001-01-01 00:00:00', '2026-01-01 00:00:00', ARRAY [2.2,3.3,4.4,5.5, 6.23], 6.23, CURRENT_TIMESTAMP);
    
    INSERT INTO perc_households_deprivation_deprived (id, metric_fk, location_code, location_type, start_date, end_date, time_series, latest_value, loaded_datetime)
    VALUES (1, perc_households_deprivation_deprived_total_metric_id, 'E92000001', 'Regional', '2001-01-01 00:00:00', '2026-01-01 00:00:00', ARRAY [2.2,3.3,4.4,5.5, 6.24], 6.24, CURRENT_TIMESTAMP);
    
    INSERT INTO perc_households_one_person (id, metric_fk, location_code, location_type, start_date, end_date, time_series, latest_value, loaded_datetime)
    VALUES (1, perc_households_one_person_total_metric_id, 'E92000001', 'Regional', '2001-01-01 00:00:00', '2026-01-01 00:00:00', ARRAY [2.2,3.3,4.4,5.5, 6.25], 6.25, CURRENT_TIMESTAMP);
    
    INSERT INTO perc_population_disability (id, metric_fk, location_code, location_type, start_date, end_date, time_series, latest_value, loaded_datetime)
    VALUES (1, perc_population_disability_disabled_total_metric_id, 'E92000001', 'Regional', '2001-01-01 00:00:00', '2026-01-01 00:00:00', ARRAY [2.2,3.3,4.4,5.5, 6.26], 6.26, CURRENT_TIMESTAMP);
    
    INSERT INTO perc_unpaid_care_provider (id, metric_fk, location_code, location_type, start_date, end_date, time_series, latest_value, loaded_datetime)
    VALUES (1, perc_unpaid_care_provider_total_metric_id, 'E92000001', 'Regional', '2001-01-01 00:00:00', '2026-01-01 00:00:00', ARRAY [2.2,3.3,4.4,5.5, 6.27], 6.27, CURRENT_TIMESTAMP);
    
    INSERT INTO total_population (id, metric_fk, location_code, location_type, start_date, end_date, time_series, latest_value, loaded_datetime)
    VALUES (1, total_population_metric_id, 'E92000001', 'Regional', '2001-01-01 00:00:00', '2026-01-01 00:00:00', ARRAY [2.2,3.3,4.4,5.5, 6.28], 6.28, CURRENT_TIMESTAMP);
    
END $$;
    